epoch,loss,val_loss
0,2.1990832881092626,1.9596457094759554
