epoch,loss,val_loss
0,0.5339080232830421,0.47734479644964506
1,0.467644754361379,0.41225187045787803
2,0.4220856742852711,0.3882715692107052
3,0.4032791527994658,0.38432235299794687
4,0.3985435001403072,0.3793315611300425
5,0.39474945780115517,0.40107052099157503
6,0.3918226151449043,0.38392601673303534
7,0.38965454711332853,0.37991727622468996
8,0.39072461956987314,0.3739209306516275
9,0.3880977429731542,0.3748682067044812
