epoch,loss,val_loss
0,0.7219257353710676,0.622215964598136
1,0.6384208413739031,0.6151418845694562
2,0.6268322002556668,0.6107622591988763
3,0.6208411242602222,0.6090437052696659
4,0.6175957612665176,0.6092029835252415
5,0.6149874664620502,0.608053521091122
6,0.6142665864256496,0.6064842501174423
7,0.6134772756715263,0.6034846351661828
8,0.6113468606485634,0.6040014764091025
9,0.6111576287156452,0.6046550868118242
