epoch,loss,val_loss
0,3.7336237400909233,3.4765069484710693
1,3.4222123652557563,3.187051773071289
2,3.132067537975163,2.910623073577881
3,2.860604197574811,2.6496052742004395
4,2.6007573211545334,2.393120527267456
5,2.343936609072411,2.1336920261383057
6,2.0833493424796763,1.8671495914459229
7,1.8154676763303172,1.5960090160369873
8,1.5460100342660077,1.343430519104004
9,1.3010715908062402,1.1258697509765625
