epoch,loss,val_loss
0,3.3515133245743534,2.965909917086841
