epoch,loss,val_loss
0,0.1363552581638396,0.13713307361227536
