epoch,loss,val_loss
0,0.5631279075218605,0.4667957518840501
1,0.4905510562883792,0.43695260040578743
2,0.4595631143041909,0.41204272723626123
3,0.44270301506316156,0.41321013695327297
4,0.4351281289567827,0.41992870427562756
5,0.4353958641384957,0.4046051215307832
6,0.43123400075247964,0.40685193582851104
7,0.42945958015159835,0.4013679240398567
8,0.4228052863716669,0.3952200621491769
9,0.42336074506275334,0.3975211538838484
