epoch,loss,val_loss
0,0.7206556723756625,0.6222480646927345
1,0.6236226483133532,0.5957380945427297
2,0.6036633968587054,0.5937093362920675
3,0.5985186962750301,0.5891778607648103
4,0.5938432568858087,0.5824120987445832
5,0.5898455422276919,0.5853051616451472
6,0.5866297683000673,0.5838474118799658
7,0.5852340517863048,0.5849374021330165
8,0.5837656817504386,0.576734513905383
9,0.5813107296813408,0.5770092616437736
0,0.5810885089684459,0.5836475443511583
1,0.5803586041961835,0.5791858904648886
