epoch,loss,val_loss
0,5.057193744122682,5.04071044921875
1,5.037230289561465,5.019165992736816
2,5.016271214189641,5.0065765380859375
3,5.005238730304405,4.998443126678467
4,4.997098885189549,4.990375518798828
5,4.989036631943592,4.982344627380371
6,4.981016388290891,4.974300861358643
7,4.972965183769239,4.966262340545654
8,4.964927702892566,4.958176612854004
9,4.956852846608888,4.950179100036621
