epoch,loss,val_loss
0,0.518301212171339,0.4758982323008247
1,0.450244149712371,0.4101895168198495
2,0.4050259247372898,0.38362419908467704
3,0.3933768692565901,0.37610468232798083
4,0.390968316976999,0.38236139121158874
5,0.38746497147819914,0.3788015221902699
6,0.38535998241860914,0.37791478829875164
7,0.3848741853180541,0.3721766867068435
8,0.3826482773817843,0.3728411259334162
9,0.3850487123690744,0.378470180139368
