epoch,loss,val_loss
0,5.298337936401367,5.29536771774292
1,5.295380115509033,5.292815685272217
2,5.292756080627441,5.289791107177734
3,5.289787292480469,5.286683082580566
4,5.286645412445068,5.283496856689453
5,5.283447742462158,5.280211925506592
6,5.280150890350342,5.27681303024292
7,5.276739597320557,5.273288726806641
8,5.273199558258057,5.269657135009766
9,5.2695631980896,5.265850067138672
